<?xml version="1.0" encoding="UTF-8"?>
<teamcity-plugin xmlns:xsi="http://www.w3.org/2001/XMLSchema-instance"
                 xsi:noNamespaceSchemaLocation="urn:shemas-jetbrains-com:teamcity-plugin-v1-xml">
  <info>
    <name>SpiraTeam Plug-In for TeamCity</name>
    <display-name>Spira Builder Notifier</display-name>
    <!-- <description>Some description goes here</description> -->
    <version>1.0.0</version>
    <vendor>
      <name>Inflectra Corporation</name>
      <url>http://www.inflectra.com/</url>
    </vendor>
  </info>
  <deployment use-separate-classloader="true" /> <!-- load server plugin's classes in separate classloader-->
</teamcity-plugin>